No.,ID EQUIPO,UBICACIÓN,CATEGORIA_COLOR,nombre_dispositivo,PLANTA,COMENTARIOS
1,6C8CWX3,AREA AUTOCLAVE (S/V AUTOCLAVE),GRIS,COMPUTADORA DE ESCRITORIO,B1,
2,5B2405T42731,AREA AUTOCLAVE (S/V AUTOCLAVE) ,GRIS,UPS,B1,
3,6ZJXDF3,AREA CORTE 1 (S/V EXT.S),GRIS,COMPUTADORA DE ESCRITORIO,B1,
4,4B1131P19277,AREA CORTE 1 (S/V EXT.S),GRIS,UPS,B1,
5,6FCCWX3,AREA DE ACCORD (S/V LINEAS),GRIS,COMPUTADORA DE ESCRITORIO,B1,
6,4B1128P48603,AREA DE ACCORD (S/V LINEAS),GRIS,UPS,B1,
7,6DJQ482,AREA DE LOCKERS (ASISTENTE DE MA),AZUL,COMPUTADORA DE ESCRITORIO,B1,
8,4B1519P47249,AREA DE LOCKERS (ASISTENTE DE MA),AZUL,UPS,B1,
9,CFCCWX3,AREA DE LOCKERS (S/V HORNOS IZQ),AZUL,COMPUTADORA DE ESCRITORIO,B1,
10,4B1015P28602,AREA DE LOCKERS (S/V HORNOS IZQ),AZUL,UPS,B1,
11,CC8CWX3,AREA DE LOCKERS (S/V LINEAS),AZUL,COMPUTADORA DE ESCRITORIO,B1,
12,3B1044X10037,AREA DE LOCKERS (S/V LINEAS),AZUL,UPS,B1,
13,8QHW0Q2,AREA INSPECCION DE INCOMING (LIDER),AZUL,COMPUTADORA DE ESCRITORIO,B1,
14,4B1226P31318,AREA INSPECCION DE INCOMING (LIDER),AZUL,UPS,B1,
15,8LF2FF3,AUDITORIA DE PROCESOS,AZUL,COMPUTADORA DE ESCRITORIO,B1,
16,0B2317N03326,AUDITORIA DE PROCESOS,AZUL,UPS,B1,
17,0B2319N02794,AUTOCLAVE (PANEL DE CONTROL AUT.2),AMARILLO,UPS,B1,
18,FRP3RP2,AUTOCLAVE 1 (SISTEMA SRK),VERDE,COMPUTADORA DE ESCRITORIO,B1,
19,29J120702698,AUTOCLAVE 1 (SISTEMA SRK),VERDE,IMPRESORA TERMICA,B1,
20,0B2425L07173,AUTOCLAVE 1 (SISTEMA SRK),VERDE,UPS,B1,
21,J7T8922,AUTOCLAVE 3 (SISTEMA SRK),VERDE,COMPUTADORA DE ESCRITORIO,B1,
22,29J161900202,AUTOCLAVE 3 (SISTEMA SRK),VERDE,IMPRESORA TERMICA,B1,
23,4B1508P03448,AUTOCLAVE 3 (SISTEMA SRK),VERDE,UPS,B1,
24,8W3JRP2,AUTOCLAVE 4 (SISTEMA SRK),VERDE,COMPUTADORA DE ESCRITORIO,B1,
25,29J151802137,AUTOCLAVE 4 (SISTEMA SRK),VERDE,IMPRESORA TERMICA,B1,
26,0B2425L03519,AUTOCLAVE 4 (SISTEMA SRK),VERDE,UPS,B1,
27,JFZWHS1,AUTOCLAVE 5 (SISTEMA SRK),VERDE,COMPUTADORA DE ESCRITORIO,B1,
28,29J161101842,AUTOCLAVE 5 (SISTEMA SRK),VERDE,IMPRESORA TERMICA,B1,
29,4B1124P31676,AUTOCLAVE 5 (SISTEMA SRK),VERDE,UPS,B1,
30,4CFZSD2,AUTOCLAVE 6 (SISTEMA SRK),VERDE,COMPUTADORA DE ESCRITORIO,B1,
31,29J180501422,AUTOCLAVE 6 (SISTEMA SRK),VERDE,IMPRESORA TERMICA,B1,
32,0B2449L46499,AUTOCLAVE 6 (SISTEMA SRK),VERDE,UPS,B1,
33,8JDFTW1,BORDES (SISTEMA SRK),VERDE,COMPUTADORA DE ESCRITORIO,B1,
34,D6N233550270,BORDES (SISTEMA SRK),VERDE,IMPRESORA TERMICA,B1,
35,4B1146P49243,BORDES (SISTEMA SRK),VERDE,UPS,B1,
36,4B1613P63260,CAMARA DE VIGILANCIA MEZZANINE APQP,AMARILLO,UPS,B1,
37,HFXR5V1,CAMARAS 1 (SISTEMA SRK),VERDE,COMPUTADORA DE ESCRITORIO,B1,
38,29J152401805,CAMARAS 1 (SISTEMA SRK),VERDE,IMPRESORA TERMICA,B1,
39,4B1146P47173,CAMARAS 1 (SISTEMA SRK),VERDE,UPS,B1,
40,HFNW5V1,CAMPANA Y PLASMA (SISTEMA SRK),VERDE,COMPUTADORA DE ESCRITORIO,B1,
41,D6N224051186,CAMPANA Y PLASMA (SISTEMA SRK),VERDE,IMPRESORA TERMICA,B1,
42,4B1508P05815,CAMPANA Y PLASMA (SISTEMA SRK),VERDE,UPS,B1,
43,0B2449L30129,CCTV PARED ARRIBA FRENTE A LAS 300'S,AMARILLO,UPS,B1,
44,FLF7BZ2,COMUNICACION (JENIFFER CHAVEZ),AZUL,COMPUTADORA DE ESCRITORIO,B1,
45,4B2216P28209,COMUNICACION (JENIFFER CHAVEZ),AZUL,UPS,B1,
46,HFZT5V1,CONECTORES 101 (SISTEMA SRK),VERDE,COMPUTADORA DE ESCRITORIO,B1,IMPRESORA COMPARTIDA CON CONECTORES 104
47,4B1146P49234,CONECTORES 101 (SISTEMA SRK),VERDE,UPS,B1,IMPRESORA COMPARTIDA CON CONECTORES 104
48,1KFF8C2,CONECTORES 102 (SISTEMA SRK),VERDE,COMPUTADORA DE ESCRITORIO,B1,IMPRESORA COMPARTIDA CON CONECTORES 104
49,4B1146P49222,CONECTORES 102 (SISTEMA SRK),VERDE,UPS,B1,IMPRESORA COMPARTIDA CON CONECTORES 104
50,HFTZ5V1,CONECTORES 103 (SISTEMA SRK),VERDE,COMPUTADORA DE ESCRITORIO,B1,
51,29J120702684,CONECTORES 103 (SISTEMA SRK),VERDE,IMPRESORA TERMICA,B1,
52,4B1205P42852,CONECTORES 103 (SISTEMA SRK),VERDE,UPS,B1,
53,605XMN2,CONECTORES 104 (SISTEMA SRK),VERDE,COMPUTADORA DE ESCRITORIO,B1,
54,29J153101352,CONECTORES 104 (SISTEMA SRK),VERDE,IMPRESORA TERMICA,B1,
55,4B1146P47193,CONECTORES 104 (SISTEMA SRK),VERDE,UPS,B1,
56,DHVGMF2,CONECTORES 105 (SISTEMA SRK),VERDE,COMPUTADORA DE ESCRITORIO,B1,
57,29J181600780,CONECTORES 105 (SISTEMA SRK),VERDE,IMPRESORA TERMICA,B1,
58,4B1821P03676,CONECTORES 105 (SISTEMA SRK),VERDE,UPS,B1,
59,5J19JG2,CONECTORES CHECKER (SISTEMA SRK),VERDE,COMPUTADORA DE ESCRITORIO,B1,IMPRESORA COMPARTIDA CON CONECTORES 104
60,4B1128P48527,CONECTORES CHECKER (SISTEMA SRK),VERDE,UPS,B1,IMPRESORA COMPARTIDA CON CONECTORES 104
61,HB8CWX3,CONECTORES SUPERVISOR ,GRIS,COMPUTADORA DE ESCRITORIO,B1,USA IMPRESORA TIBE 50 UBICADA EN LOCKERS
62,4B1015P22346,CONECTORES SUPERVISOR ,GRIS,UPS,B1,USA IMPRESORA TIBE 50 UBICADA EN LOCKERS
63,4J44D82,CORTE 1 (SISTEMA SRK),VERDE,COMPUTADORA DE ESCRITORIO,B1,
64,29J182901172,CORTE 1 (SISTEMA SRK),VERDE,IMPRESORA TERMICA,B1,
65,4B1128P49747,CORTE 1 (SISTEMA SRK),VERDE,UPS,B1,
66,78XXJB2,CORTE 2 (SISTEMA SRK),VERDE,COMPUTADORA DE ESCRITORIO,B1,
67,29J120702693,CORTE 2 (SISTEMA SRK),VERDE,IMPRESORA TERMICA,B1,
68,4B1128P48536,CORTE 2 (SISTEMA SRK),VERDE,UPS,B1,
69,CCZCD92,CORTE DE FORRO (SISTEMA SRK),VERDE,COMPUTADORA DE ESCRITORIO,B1,
70,29J120702706,CORTE DE FORRO (SISTEMA SRK),VERDE,IMPRESORA TERMICA,B1,
71,4B2220P24362,CORTE DE FORRO (SISTEMA SRK),VERDE,UPS,B1,
72,49CSM83,CTRL DOCUMENTOS (CTRK DOCS #2),AZUL,COMPUTADORA DE ESCRITORIO,B1,
73,4B1642P30242,CTRL DOCUMENTOS (CTRK DOCS #2),AZUL,UPS,B1,
74,481TM83,CTRL DOCUMENTOS (SANDRA VAZQUEZ),AZUL,COMPUTADORA DE ESCRITORIO,B1,
75,4B1146P47191,CTRL DOCUMENTOS (SANDRA VAZQUEZ),AZUL,UPS,B1,
76,HFQT5V1,DIPPING CAMPANA Y PLASMA (SISTEMA SRK),VERDE,COMPUTADORA DE ESCRITORIO,B1,
77,29J153302418,DIPPING CAMPANA Y PLASMA (SISTEMA SRK),VERDE,IMPRESORA TERMICA,B1,
78,4B1146P49270,DIPPING CAMPANA Y PLASMA (SISTEMA SRK),VERDE,UPS,B1,
79,8QJW0Q2,DOCUMENTACION PE (CLAUDIA PEREZ CASTILLO),AZUL,COMPUTADORA DE ESCRITORIO,B1,
80,0B2425L10641,DOCUMENTACION PE (CLAUDIA PEREZ CASTILLO),AZUL,UPS,B1,
81,8QJS0Q2,DOCUMENTACION PE (PAULINA RAMOS),AZUL,COMPUTADORA DE ESCRITORIO,B1,
82,0B2336L13328,DOCUMENTACION PE (PAULINA RAMOS),AZUL,UPS,B1,
83,6H37DS2,EMBARQUES MAZDA (SISTEMA SRK),AZUL,COMPUTADORA DE ESCRITORIO,B1,NO REQUIERE IMPRESION DE ETIQUETAS 
84,4B1519P47323,EMBARQUES MAZDA (SISTEMA SRK),AZUL,UPS,B1,NO REQUIERE IMPRESION DE ETIQUETAS 
85,256KJB2,EMBARQUES PASILLO ENFRENTE 200% (SISTEMA SRK),VERDE,COMPUTADORA DE ESCRITORIO,B1,NO REQUIERE IMPRESION DE ETIQUETAS 
86,4B1836P13693,EMBARQUES PASILLO ENFRENTE 200% (SISTEMA SRK),VERDE,UPS,B1,NO REQUIERE IMPRESION DE ETIQUETAS 
87,8QHZ0Q2,EMBARQUES SUPERVISOR,AZUL,COMPUTADORA DE ESCRITORIO,B1,
88,D6J243311853,EMBARQUES SUPERVISOR,AZUL,IMPRESORA TERMICA,B1,
89,3B1044X10040,EMBARQUES SUPERVISOR,AZUL,UPS,B1,
90,2SCMK02,ENFERMERIA (ENFERMERAS),AZUL,COMPUTADORA DE ESCRITORIO,B1,
91,4B1508P03441,ENFERMERIA (ENFERMERAS),AZUL,UPS,B1,
92,FLF6BZ2,ENTRENAMIENTO  (VIRTUAL VIDEOS 3D),AZUL,COMPUTADORA DE ESCRITORIO,B1,
93,0B2441L69598,ENTRENAMIENTO  (VIRTUAL VIDEOS 3D),AZUL,UPS,B1,comparte videos con equipo líder
94,8LFVDF3,ENTRENAMIENTO (EQUIPO 1),AZUL,COMPUTADORA DE ESCRITORIO,B1,
95,4B1711P12990,ENTRENAMIENTO (EQUIPO 1),AZUL,UPS,B1,equipo 1 y 2 comparten ups
96,7C8CWX3,ENTRENAMIENTO (EQUIPO 2),AZUL,COMPUTADORA DE ESCRITORIO,B1,
97,8FCCWX3,ENTRENAMIENTO (EQUIPO 3),AZUL,COMPUTADORA DE ESCRITORIO,B1,
98,4B1146P49221,ENTRENAMIENTO (EQUIPO 3),AZUL,UPS,B1,
99,CD75QD2,ENTRENAMIENTO (LIDERES),AZUL,COMPUTADORA DE ESCRITORIO,B1,
100,4B1543P33132,ENTRENAMIENTO (LIDERES),AZUL,UPS,B1,
101,0B2429L32728,EXT 1 (MAQ H327),AMARILLO,UPS,B1,
102,4B2124P06417,EXT 5 CAPAS (IMPRESORA HITACHI),AMARILLO,UPS,B1,
103,4B2125P07235,EXT. 1 (IMPRESORA HITACHI),AMARILLO,UPS,B1,
104,4B2051P15218,EXT. 1 (LASER),AMARILLO,UPS,B1,
105,FMSV052,EXT. 10 (SISTEMA SRK),VERDE,COMPUTADORA DE ESCRITORIO,B1,
106,29J162900967,EXT. 10 (SISTEMA SRK),VERDE,IMPRESORA TERMICA,B1,
107,4B1131P19308,EXT. 10 (SISTEMA SRK),VERDE,UPS,B1,
108,4B2125P07230,EXT. 2 (IMPRESORA HITACHI),AMARILLO,UPS,B1,
109,4B2125P12389,EXT. 4 (IMPRESORA HITACHI),AMARILLO,UPS,B1,
110,3B1128X24261,EXT. 5 CAPAS MONITOREO,AMARILLO,UPS,B1,
111,HFQY5V1,EXT. 8 (DE HULE) (SISTEMA SRK),VERDE,COMPUTADORA DE ESCRITORIO,B1,
112,29J120702700,EXT. 8 (DE HULE) (SISTEMA SRK),VERDE,IMPRESORA TERMICA,B1,
113,4B1146P49279,EXT. 8 (DE HULE) (SISTEMA SRK),VERDE,UPS,B1,
114,3VX8D92,EXT. FILLER NECK (MONITOREO),GRIS,COMPUTADORA DE ESCRITORIO,B1,NO TIENE IMPRESORA EL PERSONAL TIENE QUE IR A IMPRIMIR EN EXT 7
115,4B1128P48563,EXT. FILLER NECK (MONITOREO),GRIS,UPS,B1,NO TIENE IMPRESORA EL PERSONAL TIENE QUE IR A IMPRIMIR EN EXT 7
116,CH899M2,EXT. FILLER NECK (SISTEMA SRK),VERDE,COMPUTADORA DE ESCRITORIO,B1,NO REQUIERE IMPRESION DE ETIQUETAS 
117,4B1146P47192,EXT. FILLER NECK (SISTEMA SRK),VERDE,UPS,B1,NO REQUIERE IMPRESION DE ETIQUETAS 
118,4VB67V1,"EXT. LINEA 3,4 Y 5 (SISTEMA SRK)",VERDE,COMPUTADORA DE ESCRITORIO,B1,
119,29J163002047,"EXT. LINEA 3,4 Y 5 (SISTEMA SRK)",VERDE,IMPRESORA TERMICA,B1,
120,4B1128P49742,"EXT. LINEA 3,4 Y 5 (SISTEMA SRK)",VERDE,UPS,B1,
121,4B2125P12327,EXT. LINEA 7 (IMPRESORA HITACHI),AMARILLO,UPS,B1,
122,HFXX5V1,EXT. LINEA 9 (DE EVAPO) (SISTEMA SRK),VERDE,COMPUTADORA DE ESCRITORIO,B1,NO REQUIERE IMPRESION DE ETIQUETAS 
123,4B1324P41148,EXT. LINEA 9 (DE EVAPO) (SISTEMA SRK),VERDE,UPS,B1,NO REQUIERE IMPRESION DE ETIQUETAS 
124,4B1836P13698,EXT. LINEA 9 (IMPRESORA HITACHI),AMARILLO,UPS,B1,
125,98ND8C2,EXT. MDX (SISTEMA SRK),VERDE,COMPUTADORA DE ESCRITORIO,B1,
126,29J161101860,EXT. MDX (SISTEMA SRK),VERDE,IMPRESORA TERMICA,B1,
127,4B1816P41722,EXT. MDX (SISTEMA SRK),VERDE,UPS,B1,
128,HFNV5V1,EXTRUSORA 1 Y 2 (SISTEMA SRK),VERDE,COMPUTADORA DE ESCRITORIO,B1,
129,29J120702690,EXTRUSORA 1 Y 2 (SISTEMA SRK),VERDE,IMPRESORA TERMICA,B1,
130,4B1205P35396,EXTRUSORA 1 Y 2 (SISTEMA SRK),VERDE,UPS,B1,
131,7R87D92,HORNO 02 (SISTEMA SRK),VERDE,COMPUTADORA DE ESCRITORIO,B1,
132,29J144101459,HORNO 02 (SISTEMA SRK),VERDE,IMPRESORA TERMICA,B1,
133,4B1438P00923,HORNO 02 (SISTEMA SRK),VERDE,UPS,B1,
134,HFYT5V1,HORNO 05 (SISTEMA SRK),VERDE,COMPUTADORA DE ESCRITORIO,B1,
135,29J172900032,HORNO 05 (SISTEMA SRK),VERDE,IMPRESORA TERMICA,B1,
136,4B1205P42857,HORNO 05 (SISTEMA SRK),VERDE,UPS,B1,
137,HFXV5V1,HORNO 07 (SISTEMA SRK),VERDE,COMPUTADORA DE ESCRITORIO,B1,
138,29J120702685,HORNO 07 (SISTEMA SRK),VERDE,IMPRESORA TERMICA,B1,
139,4B1419P03725,HORNO 07 (SISTEMA SRK),VERDE,UPS,B1,
140,2SDQK02,HORNO 08 (SISTEMA SRK),VERDE,COMPUTADORA DE ESCRITORIO,B1,
141,29J162900960,HORNO 08 (SISTEMA SRK),VERDE,IMPRESORA TERMICA,B1,
142,0B2336L13652,HORNO 08 (SISTEMA SRK),VERDE,UPS,B1,
143,6N88DS2,HORNO 09 (SISTEMA SRK),VERDE,COMPUTADORA DE ESCRITORIO,B1,
144,29J120702718,HORNO 09 (SISTEMA SRK),VERDE,IMPRESORA TERMICA,B1,
145,4B1205P34544,HORNO 09 (SISTEMA SRK),VERDE,UPS,B1,
146,HFVT5V1,HORNO 11 (SISTEMA SRK),VERDE,COMPUTADORA DE ESCRITORIO,B1,
147,29J202400487,HORNO 11 (SISTEMA SRK),VERDE,IMPRESORA TERMICA,B1,
148,4B2051P14893,HORNO 11 (SISTEMA SRK),VERDE,UPS,B1,
149,4VC87V1,HORNO 16 MDX/ANNEALING (SISTEMA SRK),VERDE,COMPUTADORA DE ESCRITORIO,B1,
150,29J120702715,HORNO 16 MDX/ANNEALING (SISTEMA SRK),VERDE,IMPRESORA TERMICA,B1,
151,4B1128P48556,HORNO 16 MDX/ANNEALING (SISTEMA SRK),VERDE,UPS,B1,
152,4B2125P12110,IMPRESORA EXT. 8 (RECUBIERTO),AMARILLO,UPS,B1,
153,JQYZ842,INSPECCION DE INCOMING (SISTEMA SRK),VERDE,COMPUTADORA DE ESCRITORIO,B1,
154,D6N250450625,INSPECCION DE INCOMING (SISTEMA SRK),VERDE,IMPRESORA TERMICA,B1,
155,4B1226P30824,INSPECCION DE INCOMING (SISTEMA SRK),VERDE,UPS,B1,
156,HFSV5V1,INSPECCION FINAL 200% (SISTEMA SRK),VERDE,COMPUTADORA DE ESCRITORIO,B1,NO REQUIERE IMRESION DE ETIQUETAS 
157,4B1636P45196,INSPECCION FINAL 200% (SISTEMA SRK),VERDE,UPS,B1,NO REQUIERE IMRESION DE ETIQUETAS 
158,8C8CWX3,INSPECCION FINAL LIDERES 200%,AZUL,COMPUTADORA DE ESCRITORIO,B1,
159,29J132400773,INSPECCION FINAL LIDERES 200%,AZUL,IMPRESORA TERMICA,B1,
160,4B1226P30876,INSPECCION FINAL LIDERES 200%,AZUL,UPS,B1,
161,FJ1N0M2,INSPECCION FINAL MESA DE INSPECCION 200% (MESA 1),AZUL,COMPUTADORA DE ESCRITORIO,B1,
162,D6J242008114,INSPECCION FINAL MESA DE INSPECCION 200% (MESA 1),AZUL,IMPRESORA TERMICA,B1,
163,4B1015P10977,INSPECCION FINAL MESA DE INSPECCION 200% (MESA 1),AZUL,UPS,B1,
164,D6J223301687,IT (DESARROLLO),AMARILLO,IMPRESORA TERMICA,B1,
165,906ZWK2,LABORATORIO (BRAZO ROMER),AZUL,COMPUTADORA DE ESCRITORIO,B1,
166,4B1638P35219,LABORATORIO (BRAZO ROMER),AZUL,UPS,B1,
167,8SSC80R27445J1DG84301MX,LABORATORIO (LEAK&BURST IZQUIERDA),AMARILLO,COMPUTADORA DE ESCRITORIO,B1,
168,H3W7LM1,LABORATORIO (LEAK&BURST),AZUL,COMPUTADORA DE ESCRITORIO,B1,
169,3B1128X24305,LABORATORIO (LEAK&BURST DERECHA),AZUL,UPS,B1,
170,8LFTDF3,LABORATORIO (LIDERES DE METROLOGIA),AZUL,COMPUTADORA DE ESCRITORIO,B1,
171,4B1712P40852,LABORATORIO (LIDERES DE METROLOGIA),AZUL,UPS,B1,
172,3B1128X24241,LABORATORIO (MICROSCOPIO 1),AMARILLO,UPS,B1,
173,4B1205P42850,LABORATORIO (MICROSCOPIO 2),AMARILLO,UPS,B1,
174,4B1843P02340,LABORATORIO (MICROSCOPIO 3),AMARILLO,UPS,B1,
175,4B1846P13126,LABORATORIO (MICROSCOPIO 4),AMARILLO,UPS,B1,
176,6ZK9BM2,LABORATORIO (MITUTOYO PREMIER MDR),AMARILLO,COMPUTADORA DE ESCRITORIO,B1,
177,55D99N2,LABORATORIO (MITUTOYO PREMIER MV),AMARILLO,COMPUTADORA DE ESCRITORIO,B1,
178,G73R0T2,LABORATORIO (MIXING),AMARILLO,COMPUTADORA DE ESCRITORIO,B1,
179,3HYH1N3,LABORATORIO (PERFILOMETRO OPTICO),AMARILLO,COMPUTADORA DE ESCRITORIO,B1,
180,9VNJT64,LABORATORIO (PROYECTO MIXIN),AZUL,COMPUTADORA DE ESCRITORIO,B1,
181,5B2406TD3175,LABORATORIO (PROYECTO MIXIN),AZUL,UPS,B1,
182,4VC57V1,LABORATORIO (RHEO&MOONEY 2),AMARILLO,COMPUTADORA DE ESCRITORIO,B1,
183,4VBD7V1,LABORATORIO (TENSOMETER #1),AZUL,COMPUTADORA DE ESCRITORIO,B1,
184,4B1438P00935,LABORATORIO (TENSOMETER #1),AZUL,UPS,B1,
185,5JCXNY2,LABORATORIO (TENSOMETER #2),AZUL,COMPUTADORA DE ESCRITORIO,B1,
186,4B1131P19599,LABORATORIO (TENSOMETER #2),AZUL,UPS,B1,
187,4B1738P34153,LABORATORIO COMPARTIDO,AMARILLO,UPS,B1,
188,252CTR1,LABORATORIO MITUTOYO (DER),AZUL,COMPUTADORA DE ESCRITORIO,B1,
189,0B2337L22774,LABORATORIO MITUTOYO (DER),AZUL,UPS,B1,
190,0B2337L23260,LABORATORIO MITUTOYO (IZQ),AZUL,UPS,B1,
191,255CTR1,LABORATORIO MITUTOYO (IZQ),AZUL,COMPUTADORA DE ESCRITORIO,B1,
192,993NJB2,LAVADORA 01 (SISTEMA SRK),VERDE,COMPUTADORA DE ESCRITORIO,B1,
193,29J172802113,LAVADORA 01 (SISTEMA SRK),VERDE,IMPRESORA TERMICA,B1,
194,4B2216P30135,LAVADORA 01 (SISTEMA SRK),VERDE,UPS,B1,
195,2CTKRP2,LAVADORA 02 (SISTEMA SRK),VERDE,COMPUTADORA DE ESCRITORIO,B1,
196,4B1738P34064,LAVADORA 02 (SISTEMA SRK),VERDE,UPS,B1,
197,D6J244303454,LAVADORA 02 (SISTEMA SRK),VERDE,IMPRESORA TERMICA,B1,
198,5B2442TC3069,LINEA 01 (ENSAMBLE) SITE,GRIS,UPS,B1,proyecto geza
199,4B2216P23254,LINEA 01 (OPERACIONES SECUNDARIAS),GRIS,UPS,B1,proyecto geza
200,JBB4DB4,LINEA 01 (OPERACIONES SECUNDARIAS),GRIS,COMPUTADORA DE ESCRITORIO,B1,proyecto geza
201,6NY3DS2,LINEA 01 (SISTEMA SRK),VERDE,COMPUTADORA DE ESCRITORIO,B1,
202,D6N251351375,LINEA 01 (SISTEMA SRK),VERDE,IMPRESORA TERMICA,B1,
203,4B1128P48549,LINEA 01 (SISTEMA SRK),VERDE,UPS,B1,
204,0B2214N06923,LINEA 02 (MAQUINA A151),AMARILLO,UPS,B1,
205,HFPX5V1,LINEA 02 (SISTEMA SRK),VERDE,COMPUTADORA DE ESCRITORIO,B1,
206,4B1831P17618,LINEA 02 (SISTEMA SRK),VERDE,UPS,B1,
207,D6N251351295,LINEA 02 (SISTEMA SRK),VERDE,IMPRESORA TERMICA,B1,
208,FVB8XD2,LINEA 03 (SISTEMA SRK),VERDE,COMPUTADORA DE ESCRITORIO,B1,
209,29J152601820,LINEA 03 (SISTEMA SRK),VERDE,IMPRESORA TERMICA,B1,
210,4B1128P48545,LINEA 03 (SISTEMA SRK),VERDE,UPS,B1,
211,CLY9D92,LINEA 04 (SISTEMA SRK),VERDE,COMPUTADORA DE ESCRITORIO,B1,
212,29J152401756,LINEA 04 (SISTEMA SRK),VERDE,IMPRESORA TERMICA,B1,
213,4B1543P33243,LINEA 04 (SISTEMA SRK),VERDE,UPS,B1,
214,4B2216P29174,LINEA 05 (MAQUINA A75),AMARILLO,UPS,B1,
215,3QFVKH2,LINEA 05 (SISTEMA SRK),VERDE,COMPUTADORA DE ESCRITORIO,B1,
216,29J141901826,LINEA 05 (SISTEMA SRK),VERDE,IMPRESORA TERMICA,B1,
217,4B1128P48560,LINEA 05 (SISTEMA SRK),VERDE,UPS,B1,
218,JJYRHS1,LINEA 05-B (SISTEMA SRK) CLAMPS,VERDE,COMPUTADORA DE ESCRITORIO,B1,
219,29J120702716,LINEA 05-B (SISTEMA SRK) CLAMPS,VERDE,IMPRESORA TERMICA,B1,
220,4B1407P03344,LINEA 05-B (SISTEMA SRK) CLAMPS,VERDE,UPS,B1,
221,39G7QD2,LINEA 06 (SISTEMA SRK),VERDE,COMPUTADORA DE ESCRITORIO,B1,
222,29J120702699,LINEA 06 (SISTEMA SRK),VERDE,IMPRESORA TERMICA,B1,
223,4B1128P49729,LINEA 06 (SISTEMA SRK),VERDE,UPS,B1,
224,0B2214N06677,LINEA 07 (MAQUINA A159),AMARILLO,UPS,B1,
225,2JN2WP2,LINEA 07 (SISTEMA SRK),VERDE,COMPUTADORA DE ESCRITORIO,B1,
226,29J152401761,LINEA 07 (SISTEMA SRK),VERDE,IMPRESORA TERMICA,B1,
227,4B1128P49756,LINEA 07 (SISTEMA SRK),VERDE,UPS,B1,
228,2RLM0M2,LINEA 16 (SISTEMA SRK),VERDE,COMPUTADORA DE ESCRITORIO,B1,
229,29J152601797,LINEA 16 (SISTEMA SRK),VERDE,IMPRESORA TERMICA,B1,
230,4B1442P17968,LINEA 16 (SISTEMA SRK),VERDE,UPS,B1,
231,4B2216P29036,LINEA 20 (MAQUINA A305),AMARILLO,UPS,B1,
232,BL44D82,LINEA 20 (SISTEMA SRK),VERDE,COMPUTADORA DE ESCRITORIO,B1,
233,29J144200434,LINEA 20 (SISTEMA SRK),VERDE,IMPRESORA TERMICA,B1,
234,4B1510P06296,LINEA 20 (SISTEMA SRK),VERDE,UPS,B1,
235,HP3ZQP2,LINEA 20B (SISTEMA SRK),VERDE,COMPUTADORA DE ESCRITORIO,B1,
236,D6N233550278,LINEA 20B (SISTEMA SRK),VERDE,IMPRESORA TERMICA,B1,
237,5B2405TD2038,LINEA 20B (SISTEMA SRK),VERDE,UPS,B1,
238,HFTX5V1,LINEA 22 (SISTEMA SRK),VERDE,COMPUTADORA DE ESCRITORIO,B1,
239,29J172000160,LINEA 22 (SISTEMA SRK),VERDE,IMPRESORA TERMICA,B1,
240,4B1128P49746,LINEA 22 (SISTEMA SRK),VERDE,UPS,B1,
241,26LBDX3,LINEA 300 (S/V LINEA 300),GRIS,COMPUTADORA DE ESCRITORIO,B1,
242,4B2051P14994,LINEA 300 (S/V LINEA 300),GRIS,UPS,B1,
243,4BP0KH2,LINEA 304 (SISTEMA SRK),VERDE,COMPUTADORA DE ESCRITORIO,B1,
244,29J152401765,LINEA 304 (SISTEMA SRK),VERDE,IMPRESORA TERMICA,B1,
245,4B1442P17831,LINEA 304 (SISTEMA SRK),VERDE,UPS,B1,
246,HFYY5V1,LINEA 305 (SISTEMA SRK),VERDE,COMPUTADORA DE ESCRITORIO,B1,
247,29J173101382,LINEA 305 (SISTEMA SRK),VERDE,IMPRESORA TERMICA,B1,
248,4B1324P40953,LINEA 305 (SISTEMA SRK),VERDE,UPS,B1,
249,4VB77V1,LINEA 306 (SISTEMA SRK),VERDE,COMPUTADORA DE ESCRITORIO,B1,
250,29J194603700,LINEA 306 (SISTEMA SRK),VERDE,IMPRESORA TERMICA,B1,
251,4B1614P15353,LINEA 306 (SISTEMA SRK),VERDE,UPS,B1,
252,7Q6DD92,LINEA 307 (SISTEMA SRK),VERDE,COMPUTADORA DE ESCRITORIO,B1,
253,29J161900172,LINEA 307 (SISTEMA SRK),VERDE,IMPRESORA TERMICA,B1,
254,4B1438P01056,LINEA 307 (SISTEMA SRK),VERDE,UPS,B1,
255,G2S8F82,LINEA 308 (SISTEMA SRK),VERDE,COMPUTADORA DE ESCRITORIO,B1,
256,29J132200105,LINEA 308 (SISTEMA SRK),VERDE,IMPRESORA TERMICA,B1,
257,4B1510P07535,LINEA 308 (SISTEMA SRK),VERDE,UPS,B1,
258,CJX6D92,LINEA 309 (SISTEMA SRK),VERDE,COMPUTADORA DE ESCRITORIO,B1,
259,29J120702688,LINEA 309 (SISTEMA SRK),VERDE,IMPRESORA TERMICA,B1,
260,4B1636P45294,LINEA 309 (SISTEMA SRK),VERDE,UPS,B1,
261,8W7GRP2,LINEA 310 (SISTEMA SRK),VERDE,COMPUTADORA DE ESCRITORIO,B1,
262,29J163002054,LINEA 310 (SISTEMA SRK),VERDE,IMPRESORA TERMICA,B1,
263,4B1124P31887,LINEA 310 (SISTEMA SRK),VERDE,UPS,B1,
264,2RFL0M2,LINEA 311 (SISTEMA SRK),VERDE,COMPUTADORA DE ESCRITORIO,B1,
265,29J172900028,LINEA 311 (SISTEMA SRK),VERDE,IMPRESORA TERMICA,B1,
266,4B1712P39701,LINEA 311 (SISTEMA SRK),VERDE,UPS,B1,
267,8XWLQD2,LINEA 312 (SISTEMA SRK),VERDE,COMPUTADORA DE ESCRITORIO,B1,
268,29J161602084,LINEA 312 (SISTEMA SRK),VERDE,IMPRESORA TERMICA,B1,
269,4B1711P14193,LINEA 312 (SISTEMA SRK),VERDE,UPS,B1,
270,JJYSHS1,LINEA 313 (SISTEMA SRK),VERDE,COMPUTADORA DE ESCRITORIO,B1,
271,D6J223301693,LINEA 313 (SISTEMA SRK),VERDE,IMPRESORA TERMICA,B1,
272,3B1128X24264,LINEA 313 (SISTEMA SRK),VERDE,UPS,B1,
273,4VC77V1,LINEA 314 (SISTEMA SRK),VERDE,COMPUTADORA DE ESCRITORIO,B1,
274,D6J220304565,LINEA 314 (SISTEMA SRK),VERDE,IMPRESORA TERMICA,B1,
275,4B1205P34236,LINEA 314 (SISTEMA SRK),VERDE,UPS,B1,
276,B7PSQD2,LINEA 315 (SISTEMA SRK),VERDE,COMPUTADORA DE ESCRITORIO,B1,
277,D6N233550291,LINEA 315 (SISTEMA SRK),VERDE,IMPRESORA TERMICA,B1,
278,0B2337L10100,LINEA 315 (SISTEMA SRK),VERDE,UPS,B1,
279,8XRGQD2,LINEA 316 (SISTEMA SRK),VERDE,COMPUTADORA DE ESCRITORIO,B1,
280,D6J231311835,LINEA 316 (SISTEMA SRK),VERDE,IMPRESORA TERMICA,B1,
281,0B2337L14374,LINEA 316 (SISTEMA SRK),VERDE,UPS,B1,
282,0B2213N03480,LINEA 33 (MAQUINA 298),AMARILLO,UPS,B1,
283,4B1613P65791,LINEA 33 (PROYECTO X),AMARILLO,UPS,B1,
284,CKDBD92,LINEA 33 CRV (SISTEMA SRK),VERDE,COMPUTADORA DE ESCRITORIO,B1,
285,29J152401808,LINEA 33 CRV (SISTEMA SRK),VERDE,IMPRESORA TERMICA,B1,
286,4B2220P21852,LINEA 33 CRV (SISTEMA SRK),VERDE,UPS,B1,SIN NUMERO DE SERIE EN LINEAS
287,CDQ6D92,LINEA 33 PROYECTO X (CRV),AMARILLO,COMPUTADORA DE ESCRITORIO,B1,
288,4B2216P30067,LINEA 35 (MAQUINA A337),AMARILLO,UPS,B1,
289,CVP2Z12,LINEA 35 (SISTEMA SRK),VERDE,COMPUTADORA DE ESCRITORIO,B1,
290,29J161300041,LINEA 35 (SISTEMA SRK),VERDE,IMPRESORA TERMICA,B1,
291,4B1638P35214,LINEA 35 (SISTEMA SRK),VERDE,UPS,B1,
292,4B2216P28962,LINEA 37 (MAQUINA A362),AMARILLO,UPS,B1,
293,JJZ4HS1,LINEA 37 (SISTEMA SRK),VERDE,COMPUTADORA DE ESCRITORIO,B1,
294,29J190900224,LINEA 37 (SISTEMA SRK),VERDE,IMPRESORA TERMICA,B1,
295,4B1407P03751,LINEA 37 (SISTEMA SRK),VERDE,UPS,B1,
296,0B2213N03561,LINEA 38 HRV (MAQUINA),AMARILLO,UPS,B1,
297,4VB57V1,LINEA 38 HRV (SISTEMA SRK),VERDE,COMPUTADORA DE ESCRITORIO,B1,
298,29J190400048,LINEA 38 HRV (SISTEMA SRK),VERDE,IMPRESORA TERMICA,B1,
299,4B2220P21624,LINEA 38 HRV (SISTEMA SRK),VERDE,UPS,B1,
300,J4CRMN2,LINEA 43 (SISTEMA SRK),VERDE,COMPUTADORA DE ESCRITORIO,B1,
301,D6J243500617,LINEA 43 (SISTEMA SRK),VERDE,IMPRESORA TERMICA,B1,
302,0B2337L22649,LINEA 43 (SISTEMA SRK),VERDE,UPS,B1,
303,CKM6D92,LINEA ANNEALING (SISTEMA SRK),VERDE,COMPUTADORA DE ESCRITORIO,B1,
304,29J163002068,LINEA ANNEALING (SISTEMA SRK),VERDE,IMPRESORA TERMICA,B1,
305,4B1613P65739,LINEA ANNEALING (SISTEMA SRK),VERDE,UPS,B1,
306,6DJN482,MEZZANINE PE (PE 1 NISSAN),AZUL,COMPUTADORA DE ESCRITORIO,B1,
307,4B1543P32033,MEZZANINE PE (PE 1 NISSAN),AZUL,UPS,B1,
308,905ZWK2,MEZZANINE PE (PE 3 TOYOTA),AZUL,COMPUTADORA DE ESCRITORIO,B1,
309,4B1950P32160,MEZZANINE PE (PE 3 TOYOTA),AZUL,UPS,B1,
310,BKDGCH2,MEZZANINE PE (PE HONDA),AZUL,COMPUTADORA DE ESCRITORIO,B1,
311,4B1146P49280,MEZZANINE PE (PE HONDA),AZUL,UPS,B1,
312,8QJY0Q2,MEZZANINE PE (PE VOLKSWAGEN),AZUL,COMPUTADORA DE ESCRITORIO,B1,
313,4B1510P08204,MEZZANINE PE (PE VOLKSWAGEN),AZUL,UPS,B1,
314,6DHZ482,MEZZANINE PE GRAFICADORES HORNOS (SITE2),AZUL,COMPUTADORA DE ESCRITORIO,B1,
315,4B1510P08207,MEZZANINE PE GRAFICADORES HORNOS (SITE2),AZUL,UPS,B1,
316,FLF9BZ2,MEZZANINE PE IMPRESORA 3D (JOSELUIS BUENDIA MUÑOZ),AZUL,COMPUTADORA DE ESCRITORIO,B1,
317,4B1124P31782,MEZZANINE PE IMPRESORA 3D (JOSELUIS BUENDIA MUÑOZ),AZUL,UPS,B1,
318,HFWV5V1,MOLDEADORA (SISTEMA SRK),VERDE,COMPUTADORA DE ESCRITORIO,B1,
319,29J120702703,MOLDEADORA (SISTEMA SRK),VERDE,IMPRESORA TERMICA,B1,
320,4B1146P47169,MOLDEADORA (SISTEMA SRK),VERDE,UPS,B1,
321,2SDMK02,MOLDES (JAULA),AZUL,COMPUTADORA DE ESCRITORIO,B1,
322,4B1442P17913,MOLDES (JAULA),AZUL,UPS,B1,
323,CD6DQD2,MONITOREO (VIGILANCIA),AMARILLO,COMPUTADORA DE ESCRITORIO,B1,
324,940400104647,MONITORES (CONTROL DE ACCESOS),AMARILLO,COMPUTADORA DE ESCRITORIO,B1,
325,JQYYQ22,MONITORES (VIGILANCIA),AZUL,COMPUTADORA DE ESCRITORIO,B1,
326,4B1128P48565,MONITORES (VIGILANCIA),AZUL,UPS,B1,
327,4B1442P17914,MTTO DE PLANTA (CCTV),AMARILLO,UPS,B1,
328,CD76QD2,OF DE EMBARQUES (LIDERES DE EMBARQUES),AZUL,COMPUTADORA DE ESCRITORIO,B1,
329,4B1638P36932,OF DE EMBARQUES (LIDERES DE EMBARQUES),AZUL,UPS,B1,
330,MXJ6290B0W,OF DE MTTO DE PLANTA (CONTROL DE SERVICIOS),AZUL,COMPUTADORA DE ESCRITORIO,B1,
331,4B1324P41139,OF DE MTTO DE PLANTA (CONTROL DE SERVICIOS),AZUL,UPS,B1,
332,1FCCWX3,OF DE MTTO DE PLANTA (TECNICOS DE PLANTA),AZUL,COMPUTADORA DE ESCRITORIO,B1,
333,4B1146P47218,OF DE MTTO DE PLANTA (TECNICOS DE PLANTA),AZUL,UPS,B1,
334,0B2331L03450,OF DE PROCESO (MONITOREO DE HORNOS),AMARILLO,UPS,B1,
335,4B1205P42853,OF DE PROCESO (TECNICOS DE PE #1),AMARILLO,UPS,B1,
336,49CRM83,OF DE RECIBOS (CAPTURISTA DE PC #1),AZUL,COMPUTADORA DE ESCRITORIO,B1,
337,4B1638P37040,OF DE RECIBOS (CAPTURISTA DE PC #1),AZUL,UPS,B1,
338,8QJT0Q2,OF DE RECIBOS (CAPTURISTA DE PC #2),AZUL,COMPUTADORA DE ESCRITORIO,B1,
339,4B1711P12982,OF DE RECIBOS (CAPTURISTA DE PC #2),AZUL,UPS,B1,
340,8W5HRP2,OF DE RECIBOS (ETIQUETADO),AZUL,COMPUTADORA DE ESCRITORIO,B1,
341,D6J232505623,OF DE RECIBOS (ETIQUETADO),AZUL,IMPRESORA TERMICA,B1,
342,5B2421TE6703,OF DE RECIBOS (ETIQUETADO),AZUL,UPS,B1,
343,8QHX0Q2,OF DE RECIBOS (LIDERES DE RECIBOS),AZUL,COMPUTADORA DE ESCRITORIO,B1,
344,29J131700274,OF DE RECIBOS (LIDERES DE RECIBOS),AZUL,IMPRESORA TERMICA,B1,
345,4B1015P10654,OF DE RECIBOS (LIDERES DE RECIBOS),AZUL,UPS,B1,
346,8Y0GQD2,OF DE RECIBOS (MATERIALISTAS),AZUL,COMPUTADORA DE ESCRITORIO,B1,
347,4B1636P45279,OF DE RECIBOS (MATERIALISTAS),AZUL,UPS,B1,
348,7VNJT64,OF DE RECIBOS (SUPERVISOR DE RECIBOS),AZUL,COMPUTADORA DE ESCRITORIO,B1,
349,4B1508P05782,OF DE RECIBOS (SUPERVISOR DE RECIBOS),AZUL,UPS,B1,
350,HFZR5V1,OF DE RECIBOS,AZUL,COMPUTADORA DE ESCRITORIO,B1,INSTALADO TEMPORALMENTE POR AUDITORIA 
351,6DHY482,OF DE TSP,AZUL,COMPUTADORA DE ESCRITORIO,B1,
352,4B1205P34230,OF DE TSP,AZUL,UPS,B1,
353,9031XK2,OF DE TSP #2,AZUL,COMPUTADORA DE ESCRITORIO,B1,
354,29J173101383,OF DE TSP #2,AZUL,IMPRESORA TERMICA,B1,
355,4B1508P05614,OF DE TSP #2,AZUL,UPS,B1,
356,DM44D82,OF PE PROCESO (MONITOREO DE HORNOS),AMARILLO,COMPUTADORA DE ESCRITORIO,B1,
357,8QJV0Q2,OF PE PROCESO (TECNICOS DE PE #1),AMARILLO,COMPUTADORA DE ESCRITORIO,B1,
358,4VC97V1,OF. CALIBRACION,AZUL,COMPUTADORA DE ESCRITORIO,B1,
359,4B1442P17866,OF. CALIBRACION,AZUL,UPS,B1,
360,CD69QD2,PE (JAULA IMPRESORA LASER),AZUL,COMPUTADORA DE ESCRITORIO,B1,
361,4B1128P49779,PE (JAULA IMPRESORA LASER),AZUL,UPS,B1,
362,CTS37J2,PROTECTOR 5 (SISTEMA SRK),VERDE,COMPUTADORA DE ESCRITORIO,B1,
363,29J120702708,PROTECTOR 5 (SISTEMA SRK),VERDE,IMPRESORA TERMICA,B1,
364,4B1146P47224,PROTECTOR 5 (SISTEMA SRK),VERDE,UPS,B1,
365,29J190263176,QA (PROYECTO DE TRACEABILIDAD) CARRO #1,AZUL,IMPRESORA TERMICA,B1,
366,4B1738P34080,QA (PROYECTO DE TRACEABILIDAD) CARRO #1,AZUL,UPS,B1,
367,4B1749P30447,RACK 1 (NIVEL INFERIOR),AMARILLO,UPS,B1,
368,0B2326L06542,RACK 1 (NIVEL MEDIO SITE 1),AZUL,UPS,B1,
369,4B2052P17894,RACK 1 (NIVEL MEDIO SITE 1),AZUL,UPS,B1,
370,4B1711P11636,RACK 2,AMARILLO,UPS,B1,
371,4B1131P36878,RACK 3,AMARILLO,UPS,B1,
372,5B2421TE6778,RACK 4,AMARILLO,UPS,B1,
373,4B1508P05623,RACK 5,AMARILLO,UPS,B1,
374,4B1636P45597,RACK 6,AMARILLO,UPS,B1,
375,4B1831P17653,RACK DE ENLACES (NIVEL INFERIOR),AMARILLO,UPS,B1,
376,4B2216P30101,RASPBERRY (EXT. 5 CAPAS),AMARILLO,UPS,B1,
377,JQYZQ22,SALA CHIHUAHUA,AZUL,COMPUTADORA DE ESCRITORIO,B1,
378,4B1124P31821,SALA CHIHUAHUA,AZUL,UPS,B1,
379,8LF3FF3,SALA DOJO,AZUL,COMPUTADORA DE ESCRITORIO,B1,
380,4B1205P35398,SALA DOJO,AZUL,UPS,B1,
381,DC8CWX3,SALA ENTRENAMIENTO,AZUL,COMPUTADORA DE ESCRITORIO,B1,
382,4B1821P03680,SALA ENTRENAMIENTO,AZUL,UPS,B1,
383,FBCGXD2,SITE (PROYECTO SAPI 1) (SISTEMA SRK),VERDE,COMPUTADORA DE ESCRITORIO,B1,
384,D6N253150096,SITE (PROYECTO SAPI 1) (SISTEMA SRK),VERDE,IMPRESORA TERMICA,B1,
385,0B2532L02520,SITE (PROYECTO SAPI 1) (SISTEMA SRK),VERDE,UPS,B1,
386,FLP8ZG2,SITE (PROYECTO SAPI 2) (SISTEMA SRK),VERDE,COMPUTADORA DE ESCRITORIO,B1,
387,D6N253150091,SITE (PROYECTO SAPI 2) (SISTEMA SRK),VERDE,IMPRESORA TERMICA,B1,
388,0B2532L03173,SITE (PROYECTO SAPI 2) (SISTEMA SRK),VERDE,UPS,B1,
389,CD6FQD2,SITE 1 (PROJECTO TASHIBANA),AZUL,COMPUTADORA DE ESCRITORIO,B1,
390,4B1541P30414,SITE 1 (PROJECTO TASHIBANA),AZUL,UPS,B1,
391,CD74QD2,SITE 1 (SERVIDOR DE ESCANEOS),AZUL,COMPUTADORA DE ESCRITORIO,B1,
392,3B1128X24257,SITE 1 (SERVIDOR DE ESCANEOS),AZUL,UPS,B1,
393,JJT8922,"SOPORTE (REPARACION C1774,A1)",ROJO,COMPUTADORA DE ESCRITORIO,B1,UBICAR EN SITE
394,4HK2XR1,"SOPORTE (REPARACION C1786,A1)",ROJO,COMPUTADORA DE ESCRITORIO,B1,UBICAR EN SITE
395,45T8922,"SOPORTE (REPARACION C1787,A1)",ROJO,COMPUTADORA DE ESCRITORIO,B1,UBICAR EN SITE
396,29J131300387,"SOPORTE (REPARACION C1825,B4)",ROJO,IMPRESORA TERMICA,B1,
397,29J120702723,"SOPORTE (REPARACION C1937,B4)",ROJO,IMPRESORA TERMICA,B1,
398,4VNJT64,SOPORTE (SITE 1 MONITOREO),AMARILLO,COMPUTADORA DE ESCRITORIO,B1,
399,2317T120633,SOPORTE (SITE 2 STOCK),ROSA,IMPRESORA TERMICA,B1,ESTABLECER LUGAR EN EL RACK REFERENTE A UBICACIÓN
400,6DHV482,SOPORTE SITE 1 STOCK (A1),ROSA,COMPUTADORA DE ESCRITORIO,B1,ESTABLECER LUGAR EN EL RACK REFERENTE A UBICACIÓN
401,HFWZ5V1,SOPORTE SITE 1 STOCK (A1),ROSA,COMPUTADORA DE ESCRITORIO,B1,ESTABLECER LUGAR EN EL RACK REFERENTE A UBICACIÓN
402,HG006V1,SOPORTE SITE 1 STOCK (A1),ROSA,COMPUTADORA DE ESCRITORIO,B1,ESTABLECER LUGAR EN EL RACK REFERENTE A UBICACIÓN
403,HBB4DB4,SOPORTE SITE 1 STOCK (T2),GRIS,COMPUTADORA DE ESCRITORIO,B1,proyecto geza
404,6057CP2,SOPORTE SITE 1 STOCK (A1),ROSA,COMPUTADORA DE ESCRITORIO,B1,ESTABLECER LUGAR EN EL RACK REFERENTE A UBICACIÓN
405,5DX7SL1,SOPORTE SITE 1 STOCK (A1),ROSA,COMPUTADORA DE ESCRITORIO,B1,ESTABLECER LUGAR EN EL RACK REFERENTE A UBICACIÓN
406,4B1015P10593,SOPORTE SITE 1 STOCK (C1),ROSA,UPS,B1,ESTABLECER LUGAR EN EL RACK REFERENTE A UBICACIÓN
407,4B1146P49271,SOPORTE SITE 1 STOCK (C1),ROSA,UPS,B1,ESTABLECER LUGAR EN EL RACK REFERENTE A UBICACIÓN
408,4B1124P31706,SOPORTE SITE 1 STOCK (C1),ROSA,UPS,B1,ESTABLECER LUGAR EN EL RACK REFERENTE A UBICACIÓN
409,2305H120502,SOPORTE SITE 1 STOCK (D),ROSA,IMPRESORA TERMICA,B1,ESTABLECER LUGAR EN EL RACK REFERENTE A UBICACIÓN
410,29J152401694,SOPORTE SITE 1 STOCK (D),ROSA,IMPRESORA TERMICA,B1,ESTABLECER LUGAR EN EL RACK REFERENTE A UBICACIÓN
411,29J144501238,SOPORTE SITE 1 STOCK (D),ROSA,IMPRESORA TERMICA,B1,ESTABLECER LUGAR EN EL RACK REFERENTE A UBICACIÓN
412,29J120702702,SOPORTE SITE 1 STOCK (D),ROSA,IMPRESORA TERMICA,B1,ESTABLECER LUGAR EN EL RACK REFERENTE A UBICACIÓN
413,21LC0M2,SOPORTE SITE 1 STOCK (D),ROSA,COMPUTADORA DE ESCRITORIO,B1,ESTABLECER LUGAR EN EL RACK REFERENTE A UBICACIÓN
414,6DHX482,SPC (LIDERES DE CALIDAD),AZUL,COMPUTADORA DE ESCRITORIO,B1,
415,4B1510P08209,SPC (LIDERES DE CALIDAD),AZUL,UPS,B1,
416,9032XK2,SPC (MEJORA CONTINUA (CALIDAD)),AZUL,COMPUTADORA DE ESCRITORIO,B1,
417,4B1831P17796,SPC (MEJORA CONTINUA (CALIDAD)),AZUL,UPS,B1,
418,DB8CWX3,SUPERVISOR CRV (DERECHA),GRIS,COMPUTADORA DE ESCRITORIO,B1,
419,4B1128P48590,SUPERVISOR CRV (DERECHA),GRIS,UPS,B1,
420,4B1442P17838,TOOLCRIB (CCTV),AMARILLO,UPS,B1,SI TIENE NUMERO AGREGAR 
421,8QJZ0Q2,TOOLCRIB (TECNICO DE TOOLCRIB),AZUL,COMPUTADORA DE ESCRITORIO,B1,
422,4B1843P02109,TOOLCRIB (TECNICO DE TOOLCRIB),AZUL,UPS,B1,
423,9Y4PQD2,TOOLCRIB (VENTANILLA),AZUL,COMPUTADORA DE ESCRITORIO,B1,
424,5B2442TC3054,TOOLCRIB (VENTANILLA),AZUL,UPS,B1,
425,4B1324P40947,VIGILANCIA (DVR 3),AMARILLO,UPS,B1,
426,4B1635P02286,VIGILANCIA (DVR 4),AMARILLO,UPS,B1,
427,4B1544P34409,VIGILANCIA (DVR 6),AMARILLO,UPS,B1,
428,4B1510P06308,VIGILANCIA (PUERTA MADERA ABAJO DVRS),AMARILLO,UPS,B1,
429,4B1015P10520,VIGILANCIA (REPISA),AMARILLO,UPS,B1,
430,4B1015P22391,VIGILANCIA (REPISA),AMARILLO,UPS,B1,
431,4B1205P42855,VIGILANCIA (REPISA),AMARILLO,UPS,B1,
432,76LBDX3,QA (LIDERES DE CALIDAD 200%) ,VERDE,COMPUTADORA DE ESCRITORIO,B2,
433,4B1215P29157,QA (LIDERES DE CALIDAD 200%) ,VERDE,UPS,B2,
434,D6N231350616,QA (LIDERES DE CALIDAD 200%) ,VERDE,IMPRESORA TERMICA,B2,
435,BCKPDH2,AUDITORIA 200% (SISTEMA SRK),AZUL,COMPUTADORA DE ESCRITORIO,B2,
436,0B2137N07360,AUDITORIA 200% (SISTEMA SRK),AZUL,UPS,B2,
437,4CG0TD2,BEV 1 FINISHGOOD (SISTEMA SRK),VERDE,COMPUTADORA DE ESCRITORIO,B2,
438,0B2442L00771,BEV 1 FINISHGOOD (SISTEMA SRK),VERDE,UPS,B2,
439,D6N250450615,BEV 1 FINISHGOOD (SISTEMA SRK),VERDE,IMPRESORA TERMICA,B2,
440,4CF6TD2,BEV 1 PRE ENSAMBLE (SISTEMA SRK),VERDE,COMPUTADORA DE ESCRITORIO,B2,
441,0B2439L05488,BEV 1 PRE ENSAMBLE (SISTEMA SRK),VERDE,UPS,B2,
442,D6N250450643,BEV 1 PRE ENSAMBLE (SISTEMA SRK),VERDE,IMPRESORA TERMICA,B2,
443,6DJ0582,EHS (CAPTURISTA DE SCRAP),AZUL,COMPUTADORA DE ESCRITORIO,B2,
444,4B1508P05779,EHS (CAPTURISTA DE SCRAP),AZUL,UPS,B2,
445,CVQ0Z12,HORNO 01 (SISTEMA SRK),VERDE,COMPUTADORA DE ESCRITORIO,B2,
446,4B1543P33154,HORNO 01 (SISTEMA SRK),VERDE,UPS,B2,
447,29J152401795,HORNO 01 (SISTEMA SRK),VERDE,IMPRESORA TERMICA,B2,
448,6SMH382,HORNO 03 (SISTEMA SRK),VERDE,COMPUTADORA DE ESCRITORIO,B2,
449,4B1329P43899,HORNO 03 (SISTEMA SRK),VERDE,UPS,B2,
450,29J134702571,HORNO 03 (SISTEMA SRK),VERDE,IMPRESORA TERMICA,B2,
451,HFTT5V1,HORNO 04 (SISTEMA SRK),VERDE,COMPUTADORA DE ESCRITORIO,B2,
452,4B1518P43330,HORNO 04 (SISTEMA SRK),VERDE,UPS,B2,
453,29J120702721,HORNO 04 (SISTEMA SRK),VERDE,IMPRESORA TERMICA,B2,
454,FZC5922,HORNO 06 (SISTEMA SRK),VERDE,COMPUTADORA DE ESCRITORIO,B2,
455,4B1442P17851,HORNO 06 (SISTEMA SRK),VERDE,UPS,B2,
456,29J120702704,HORNO 06 (SISTEMA SRK),VERDE,IMPRESORA TERMICA,B2,
457,4VBC7V1,HORNO 10 (SISTEMA SRK),VERDE,COMPUTADORA DE ESCRITORIO,B2,
458,4B1951P01405,HORNO 10 (SISTEMA SRK),VERDE,UPS,B2,
459,29J161101841,HORNO 10 (SISTEMA SRK),VERDE,IMPRESORA TERMICA,B2,
460,6N58DS2,HORNO 12 (SISTEMA SRK),VERDE,COMPUTADORA DE ESCRITORIO,B2,
461,4B1510P08226,HORNO 12 (SISTEMA SRK),VERDE,UPS,B2,
462,29J161101854,HORNO 12 (SISTEMA SRK),VERDE,IMPRESORA TERMICA,B2,
463,4V947V1,HORNO 13 (SISTEMA SRK),VERDE,COMPUTADORA DE ESCRITORIO,B2,
464,0B2331L16699,HORNO 13 (SISTEMA SRK),VERDE,UPS,B2,
465,29J181600865,HORNO 13 (SISTEMA SRK),VERDE,IMPRESORA TERMICA,B2,
466,8BRKHH2,HORNO 15 (SISTEMA SRK),VERDE,COMPUTADORA DE ESCRITORIO,B2,
467,4B1843P02137,HORNO 15 (SISTEMA SRK),VERDE,UPS,B2,
468,29J194900756,HORNO 15 (SISTEMA SRK),VERDE,IMPRESORA TERMICA,B2,
469,4V8D7V1,HORNO 17 (SISTEMA SRK),VERDE,COMPUTADORA DE ESCRITORIO,B2,
470,4B1015P22102,HORNO 17 (SISTEMA SRK),VERDE,UPS,B2,
471,29J144200463,HORNO 17 (SISTEMA SRK),VERDE,IMPRESORA TERMICA,B2,
472,2B5BCM2,LINEA 08 (SISTEMA SRK),VERDE,COMPUTADORA DE ESCRITORIO,B2,
473,4B1015P10681,LINEA 08 (SISTEMA SRK),VERDE,UPS,B2,
474,29J151802591,LINEA 08 (SISTEMA SRK),VERDE,IMPRESORA TERMICA,B2,
475,HFWW5V1,LINEA 09 (SISTEMA SRK),VERDE,COMPUTADORA DE ESCRITORIO,B2,
476,4B1124P31877,LINEA 09 (SISTEMA SRK),VERDE,UPS,B2,
477,29J153202344,LINEA 09 (SISTEMA SRK),VERDE,IMPRESORA TERMICA,B2,
478,1M18XD2,LINEA 10 (SISTEMA SRK),VERDE,COMPUTADORA DE ESCRITORIO,B2,
479,4B1128P48571,LINEA 10 (SISTEMA SRK),VERDE,UPS,B2,
480,29J120702712,LINEA 10 (SISTEMA SRK),VERDE,IMPRESORA TERMICA,B2,
481,440FND2,LINEA 11 (SISTEMA SRK),VERDE,COMPUTADORA DE ESCRITORIO,B2,
482,4B1843P02338,LINEA 11 (SISTEMA SRK),VERDE,UPS,B2,
483,D6N232651080,LINEA 11 (SISTEMA SRK),VERDE,IMPRESORA TERMICA,B2,
484,HFSQ5V1,LINEA 12 (SISTEMA SRK),VERDE,COMPUTADORA DE ESCRITORIO,B2,
485,4B1128P49260,LINEA 12 (SISTEMA SRK),VERDE,UPS,B2,
486,D6N232750713,LINEA 12 (SISTEMA SRK),VERDE,IMPRESORA TERMICA,B2,
487,9DWFHQ2,LINEA 13 (SISTEMA SRK),VERDE,COMPUTADORA DE ESCRITORIO,B2,
488,4B1128P47894,LINEA 13 (SISTEMA SRK),VERDE,UPS,B2,
489,29J153202221,LINEA 13 (SISTEMA SRK),VERDE,IMPRESORA TERMICA,B2,
490,GL4PXM2,LINEA 15 (SISTEMA SRK),VERDE,COMPUTADORA DE ESCRITORIO,B2,
491,4B1128P49751,LINEA 15 (SISTEMA SRK),VERDE,UPS,B2,
492,29J120702720,LINEA 15 (SISTEMA SRK),VERDE,IMPRESORA TERMICA,B2,
493,0B2213N03498,LINEA 18 (MAQUINA A272),AMARILLO,UPS,B2,
494,HFXZ5V1,LINEA 18 (SISTEMA SRK),VERDE,COMPUTADORA DE ESCRITORIO,B2,
495,4B1146P47194,LINEA 18 (SISTEMA SRK),VERDE,UPS,B2,
496,29J152401783,LINEA 18 (SISTEMA SRK),VERDE,IMPRESORA TERMICA,B2,
497,B03DPD2,LINEA19 (SISTEMA SRK),VERDE,COMPUTADORA DE ESCRITORIO,B2,
498,4B1816P42619,LINEA19 (SISTEMA SRK),VERDE,UPS,B2,
499,29J153202203,LINEA19 (SISTEMA SRK),VERDE,IMPRESORA TERMICA,B2,
500,0B2213N03556,LINEA 19 (MAQUINA A275),AMARILLO,UPS,B2,
501,7K44D82,LINEA 23 (SISTEMA SRK),VERDE,COMPUTADORA DE ESCRITORIO,B2,
502,4B1146P47186,LINEA 23 (SISTEMA SRK),VERDE,UPS,B2,
503,29J152304122,LINEA 23 (SISTEMA SRK),VERDE,IMPRESORA TERMICA,B2,
504,54PYGP2,LINEA 24 (SISTEMA SRK),VERDE,COMPUTADORA DE ESCRITORIO,B2,
505,4B1128P48541,LINEA 24 (SISTEMA SRK),VERDE,UPS,B2,
506,29J161101829,LINEA 24 (SISTEMA SRK),VERDE,IMPRESORA TERMICA,B2,
507,HFNY5V1,LINEA 29 (SISTEMA SRK),VERDE,COMPUTADORA DE ESCRITORIO,B2,
508,4B1442P17951,LINEA 29 (SISTEMA SRK),VERDE,UPS,B2,
509,D6J220400105,LINEA 29 (SISTEMA SRK),VERDE,IMPRESORA TERMICA,B2,
510,HFTY5V1,LINEA 301 (SISTEMA SRK),VERDE,COMPUTADORA DE ESCRITORIO,B2,
511,4B1226P30971,LINEA 301 (SISTEMA SRK),VERDE,UPS,B2,
512,29J164202209,LINEA 301 (SISTEMA SRK),VERDE,IMPRESORA TERMICA,B2,
513,6025CP2,LINEA 302 (SISTEMA SRK),VERDE,COMPUTADORA DE ESCRITORIO,B2,
514,4B1146P47190,LINEA 302 (SISTEMA SRK),VERDE,UPS,B2,
515,29J153302551,LINEA 302 (SISTEMA SRK),VERDE,IMPRESORA TERMICA,B2,
516,95Z4LH2,LINEA 303 (SISTEMA SRK),VERDE,COMPUTADORA DE ESCRITORIO,B2,
517,4B1711P11641,LINEA 303 (SISTEMA SRK),VERDE,UPS,B2,
518,29J144200451,LINEA 303 (SISTEMA SRK),VERDE,IMPRESORA TERMICA,B2,
519,348TGQ1,LINEA 34 (PROYECTO X),AZUL,COMPUTADORA DE ESCRITORIO,B2,
520,4B1636P47080,LINEA 34 (PROYECTO X),AZUL,UPS,B2,
521,DZR2JS1,LINEA 34 (SISTEMAS SRK),VERDE,COMPUTADORA DE ESCRITORIO,B2,
522,4B1510P07218,LINEA 34 (SISTEMAS SRK),VERDE,UPS,B2,
523,29J161900095,LINEA 34 (SISTEMAS SRK),VERDE,IMPRESORA TERMICA,B2,
524,4V8C7V1,LINEA 34 (PRE ENSAMBLE),VERDE,COMPUTADORA DE ESCRITORIO,B2,
525,4B1636P47098,LINEA 34 (PRE ENSAMBLE),VERDE,UPS,B2,
526,29J120702692,LINEA 34 (PRE ENSAMBLE),VERDE,IMPRESORA TERMICA,B2,
527,GZZJKH2,LINEA 40 HENN (SISTEMA SRK),VERDE,COMPUTADORA DE ESCRITORIO,B2,
528,0B2213N04213,LINEA 40 HENN (SISTEMA SRK),VERDE,UPS,B2,
529,D6J223007032,LINEA 40 HENN (SISTEMA SRK),VERDE,IMPRESORA TERMICA,B2,
530,B4KQQD2,LINEA 42 (SISTEMA SRK),VERDE,COMPUTADORA DE ESCRITORIO,B2,
531,0B2336L13797,LINEA 42 (SISTEMA SRK),VERDE,UPS,B2,
532,29J120702694,LINEA 42 (SISTEMA SRK),VERDE,IMPRESORA TERMICA,B2,
533,2CV80Q2,LINEA 44 (SISTEMA SRK),VERDE,COMPUTADORA DE ESCRITORIO,B2,
534,0B2336L13930,LINEA 44 (SISTEMA SRK),VERDE,UPS,B2,
535,D6J244303459,LINEA 44 (SISTEMA SRK),VERDE,IMPRESORA TERMICA,B2,
536,HFRW5V1,LINEA TN1 (SISTEMA SRK),VERDE,COMPUTADORA DE ESCRITORIO,B2,
537,4B1314P06049,LINEA TN1 (SISTEMA SRK),VERDE,UPS,B2,
538,D6N231350833,LINEA TN1 (SISTEMA SRK),VERDE,IMPRESORA TERMICA,B2,
539,CDW7D92,LINEA TN2 (SISTEMA SRK),VERDE,COMPUTADORA DE ESCRITORIO,B2,
540,4B2216P28035,LINEA TN2 (SISTEMA SRK),VERDE,UPS,B2,
541,D6N231350829,LINEA TN2 (SISTEMA SRK),VERDE,IMPRESORA TERMICA,B2,
542,JJZ1HS1,LINEA TN3 (SISTEMA SRK),VERDE,COMPUTADORA DE ESCRITORIO,B2,
543,4B2220P21849,LINEA TN3 (SISTEMA SRK),VERDE,UPS,B2,
544,D6N231250269,LINEA TN3 (SISTEMA SRK),VERDE,IMPRESORA TERMICA,B2,
545,HFZQ5V1,LINEA TN4 (SISTEMA SRK),VERDE,COMPUTADORA DE ESCRITORIO,B2,
546,4B1205P42858,LINEA TN4 (SISTEMA SRK),VERDE,UPS,B2,
547,D6N231250270,LINEA TN4 (SISTEMA SRK),VERDE,IMPRESORA TERMICA,B2,
548,6056CP2,LINEA TN5 (SISTEMA SRK),VERDE,COMPUTADORA DE ESCRITORIO,B2,
549,4B1638P38531,LINEA TN5 (SISTEMA SRK),VERDE,UPS,B2,
550,29J190900273,LINEA TN5 (SISTEMA SRK),VERDE,IMPRESORA TERMICA,B2,
551,2SCQK02,LINEA TN6 (SISTEMA SRK),VERDE,COMPUTADORA DE ESCRITORIO,B2,
552,4B1613P66739,LINEA TN6 (SISTEMA SRK),VERDE,UPS,B2,
553,D6N231350722,LINEA TN6 (SISTEMA SRK),VERDE,IMPRESORA TERMICA,B2,
554,CDCCWX3,MA AREA DE OFICINAS (S/V HORNOS),AMARILLO,COMPUTADORA DE ESCRITORIO,B2,
555,JDCCWX3,MA AREA DE OFICINAS (S/V LINEAS),AZUL,COMPUTADORA DE ESCRITORIO,B2,
556,4B1638P36926,MA AREA DE OFICINAS (S/V LINEAS),AZUL,UPS,B2,
557,46LBDX3,MA AREA DE OFICINAS (S/V LINEAS),AMARILLO,COMPUTADORA DE ESCRITORIO,B2,
558,6ZJYDF3,MA AREA DE OFICINAS (S/V LINEAS),AZUL,COMPUTADORA DE ESCRITORIO,B2,
559,4B2140P03727,MA AREA DE OFICINAS (S/V LINEAS),AZUL,UPS,B2,
560,6ZJVDF3,MA AREA DE OFICINAS (S/V LINEAS),AZUL,COMPUTADORA DE ESCRITORIO,B2,
561,4B2125P01170,MA AREA DE OFICINAS (S/V LINEAS),AZUL,UPS,B2,
562,JFZLJS1,MT TOOLCRIB (VENTANILLA),AZUL,COMPUTADORA DE ESCRITORIO,B2,
563,4B2125P03125,MT TOOLCRIB (VENTANILLA),AZUL,UPS,B2,
564,8QJX0Q2,MT TOOLCRIB (SUPERVISOR),AZUL,COMPUTADORA DE ESCRITORIO,B2,
565,0B2337L11388,MT TOOLCRIB (SUPERVISOR),AZUL,UPS,B2,
566,6ZJWDF3,OF DE ING (MANTENIMIENTO),AZUL,COMPUTADORA DE ESCRITORIO,B2,
567,4B1635P02276,OF DE ING (MANTENIMIENTO),AZUL,UPS,B2,
568,6ZJTDF3,OF PC (CAPTURISTA),AZUL,COMPUTADORA DE ESCRITORIO,B2,
569,4B2216P23360,OF PC (CAPTURISTA),AZUL,UPS,B2,
570,BKDFCH2,OF PC (LIDERES DE RECIBOS),VERDE,COMPUTADORA DE ESCRITORIO,B2,
571,4B1124P32203,OF PC (LIDERES DE RECIBOS),VERDE,UPS,B2,
572,D6J243915264,OF PC (LIDERES DE RECIBOS),VERDE,IMPRESORA TERMICA,B2,
573,JQZ0942,PANTALLA MOVIL DASHBOARD,AZUL,COMPUTADORA DE ESCRITORIO,B2,
574,4B2216P23737,PANTALLA MOVIL DASHBOARD,AZUL,UPS,B2,
575,19X4XH2,PASSTHROUGH,VERDE,COMPUTADORA DE ESCRITORIO,B2,
576,4B1518P43326,PASSTHROUGH,VERDE,UPS,B2,
577,29J152401748,PASSTHROUGH,VERDE,IMPRESORA TERMICA,B2,
578,DDCCWX3,PC (EMBARQUES),AMARILLO,COMPUTADORA DE ESCRITORIO,B2,
579,8QHY0Q2,PE (DOCUMENTOS ING),AZUL,COMPUTADORA DE ESCRITORIO,B2,
580,4B2216P25405,PE (DOCUMENTOS ING),AZUL,UPS,B2,
581,FLF8BZ2,PE (SERGIO CHAPARRO),AZUL,COMPUTADORA DE ESCRITORIO,B2,
582,4B2124P06508,PE (SERGIO CHAPARRO),AZUL,UPS,B2,
583,4XZNX12,PROTECTOR 5 (SISTEMA SRK),VERDE,COMPUTADORA DE ESCRITORIO,B2,
584,4B1419P08884,PROTECTOR 5 (SISTEMA SRK),VERDE,UPS,B2,
585,29J161101840,PROTECTOR 5 (SISTEMA SRK),VERDE,IMPRESORA TERMICA,B2,
586,27D5922,PROTECTOR A (SISTEMA SRK),VERDE,COMPUTADORA DE ESCRITORIO,B2,
587,0B2310N07530,PROTECTOR A (SISTEMA SRK),VERDE,UPS,B2,
588,29J152401674,PROTECTOR A (SISTEMA SRK),VERDE,IMPRESORA TERMICA,B2,
589,JQYXQ22,INCOMING (SISTEMA SRK),AZUL,COMPUTADORA DE ESCRITORIO,B2,
590,29J164202229,INCOMING (SISTEMA SRK),AZUL,IMPRESORA TERMICA,B2,
591,9082XK2,QA (AUDITORIA DE PROCESOS),AMARILLO,COMPUTADORA DE ESCRITORIO,B2,
592,907ZWK2,INCOMING (LIDER DE INCOMING),AZUL,COMPUTADORA DE ESCRITORIO,B2,
593,4B1541P30336,INCOMING (LIDER DE INCOMING),AZUL,UPS,B2,
594,6DJP482,QA (TSP 2),AZUL,COMPUTADORA DE ESCRITORIO,B2,
595,4B1015P26628,QA (TSP 2),AZUL,UPS,B2,
596,CD6BQD2,QA (TSP 2),AMARILLO,COMPUTADORA DE ESCRITORIO,B2,
597,901YWK2,TR (ENTRENAMIENTO LIDERES),AZUL,COMPUTADORA DE ESCRITORIO,B2,
598,4B1543P32001,TR (ENTRENAMIENTO LIDERES),AZUL,UPS,B2,
599,CD6CQD2,TR (ENTRENAMIENTO),AZUL,COMPUTADORA DE ESCRITORIO,B2,
600,4B1951P01383,TR (ENTRENAMIENTO),AZUL,UPS,B2,
601,JQYY842,ESPECIALISTA DE INGENIERIA (BEV),AZUL,COMPUTADORA DE ESCRITORIO,B2,
602,5B2528TA2486,ESPECIALISTA DE INGENIERIA (BEV),AZUL,UPS,B2,
603,0B2419L48158,RACK 2,AMARILLO,UPS,B2,
604,0B2336L13901,RASPBERRY PASILLO,AMARILLO,UPS,B2,
605,HFNQ5V1,SITE (STOCK),ROSA,COMPUTADORA DE ESCRITORIO,B2,
606,4B1123P18789,SITE (STOCK),ROSA,UPS,B2,
607,29J120702697,SITE (STOCK),ROSA,IMPRESORA TERMICA,B2,
608,2B59CM2,ACM 201 (SISTEMA SRK),VERDE,COMPUTADORA DE ESCRITORIO,PLANTA #3,
609,29J151600034,ACM 201 (SISTEMA SRK),VERDE,IMPRESORA TERMICA,PLANTA #3,
610,4B2125P03016,ACM 201 (SISTEMA SRK),VERDE,UPS,PLANTA #3,
611,HFXS5V1,ACM 202 (SISTEMA SRK),VERDE,COMPUTADORA DE ESCRITORIO,PLANTA #3,
612,29J120702686,ACM 202 (SISTEMA SRK),VERDE,IMPRESORA TERMICA,PLANTA #3,
613,4B1205P42854,ACM 202 (SISTEMA SRK),VERDE,UPS,PLANTA #3,
614,914CGK2,ACM 203 (SISTEMA SRK),VERDE,COMPUTADORA DE ESCRITORIO,PLANTA #3,
615,D6J243416340,ACM 203 (SISTEMA SRK),VERDE,IMPRESORA TERMICA,PLANTA #3,
616,0B2439L05799,ACM 203 (SISTEMA SRK),VERDE,UPS,PLANTA #3,
617,5B2421TH4357,DASHBOARD,AZUL,UPS,PLANTA #3,
618,9DX9HQ2,LINEA 14 (SISTEMA SRK),VERDE,COMPUTADORA DE ESCRITORIO,PLANTA #3,
619,29J172900024,LINEA 14 (SISTEMA SRK),VERDE,IMPRESORA TERMICA,PLANTA #3,
620,4B1128P49780,LINEA 14 (SISTEMA SRK),VERDE,UPS,PLANTA #3,
621,5BN6HH2,LINEA 26 (SISTEMA SRK),VERDE,COMPUTADORA DE ESCRITORIO,PLANTA #3,
622,29J120702696,LINEA 26 (SISTEMA SRK),VERDE,IMPRESORA TERMICA,PLANTA #3,
623,4B1205P42862,LINEA 26 (SISTEMA SRK),VERDE,UPS,PLANTA #3,
624,9DVFHQ2,LINEA 36 (SISTEMA SRK),VERDE,COMPUTADORA DE ESCRITORIO,PLANTA #3,
625,D6J243313447,LINEA 36 (SISTEMA SRK),VERDE,IMPRESORA TERMICA,PLANTA #3,
626,4B1124P31878,LINEA 36 (SISTEMA SRK),VERDE,UPS,PLANTA #3,
627,82091Q2,LINEA 39 (SISTEMA SRK),VERDE,COMPUTADORA DE ESCRITORIO,PLANTA #3,
628,29J141901928,LINEA 39 (SISTEMA SRK),VERDE,IMPRESORA TERMICA,PLANTA #3,
629,4B1146P49269,LINEA 39 (SISTEMA SRK),VERDE,UPS,PLANTA #3,
630,9DTGHQ2,LINEA 41 (SISTEMA SRK),VERDE,COMPUTADORA DE ESCRITORIO,PLANTA #3,
631,D6N232750746,LINEA 41 (SISTEMA SRK),VERDE,IMPRESORA TERMICA,PLANTA #3,
632,0B2336L12088,LINEA 41 (SISTEMA SRK),VERDE,UPS,PLANTA #3,
633,86Z9GK2,LINEA 45 (SISTEMA SRK),VERDE,COMPUTADORA DE ESCRITORIO,PLANTA #3,
634,D6J244303434,LINEA 45 (SISTEMA SRK),VERDE,IMPRESORA TERMICA,PLANTA #3,
635,0B2213N03877,LINEA 45 (SISTEMA SRK),VERDE,UPS,PLANTA #3,
636,HP1ZQP2,LINEA 46 (SISTEMA SRK),VERDE,COMPUTADORA DE ESCRITORIO,PLANTA #3,
637,D6J243311837,LINEA 46 (SISTEMA SRK),VERDE,IMPRESORA TERMICA,PLANTA #3,
638,0B2429L32659,LINEA 46 (SISTEMA SRK),VERDE,UPS,PLANTA #3,
639,BDCCWX3,MA AREA DE OFICINAS (S/V LINEAS),AZUL,COMPUTADORA DE ESCRITORIO,PLANTA #3,
640,4B1015P35597,MA AREA DE OFICINAS (S/V LINEAS),AZUL,UPS,PLANTA #3,
641,6DJM482,MT (TOOLCRIB),AZUL,COMPUTADORA DE ESCRITORIO,PLANTA #3,
642,0B2337L23114,MT (TOOLCRIB),AZUL,UPS,PLANTA #3,
643,8QHV0Q2,PC (EMBARQUES),AZUL,COMPUTADORA DE ESCRITORIO,PLANTA #3,
644,9B2239A03247,PC (EMBARQUES),AZUL,UPS,PLANTA #3,
645,CD68QD2,QA (LIDERES DE CALIDAD),AZUL,COMPUTADORA DE ESCRITORIO,PLANTA #3,
646,4B1544P34410,QA (LIDERES DE CALIDAD),AZUL,UPS,PLANTA #3,
647,63LTJB2,STOCK (GABETA SISTEMAS),ROSA,COMPUTADORA DE ESCRITORIO,PLANTA #3,
648,6ZJZDF3,TR (ENTRENAMIENTO),AZUL,COMPUTADORA DE ESCRITORIO,PLANTA #3,
649,0B2425L07042,TR (ENTRENAMIENTO),AZUL,UPS,PLANTA #3,
650,92VK8C2,BASCULA,GRIS,COMPUTADORA DE ESCRITORIO,PLANTA #4,
651,0B2442L00789,BASCULA,GRIS,UPS,PLANTA #4,
652,JPKJT64,MA (S\V  MEZCLADO),GRIS,COMPUTADORA DE ESCRITORIO,PLANTA #4,
653,0B2425L07463,MA (S\V  MEZCLADO),GRIS,UPS,PLANTA #4,
654,2VNJT64,PC ROOM (MEZCLADO),GRIS,COMPUTADORA DE ESCRITORIO,PLANTA #4,
655,0B2425L07475,PC ROOM (MEZCLADO),GRIS,UPS,PLANTA #4,
656,6B2421TH6098,RACK 2,GRIS,UPS,PLANTA #4,
657,0B2429L37825,RACK 3,GRIS,UPS,PLANTA #4,
658,0B2326L06507,RACK 4,GRIS,UPS,PLANTA #4,
659,29J202400501,BODEGA (PC SUPERVISOR),AZUL,IMPRESORA TERMICA,BODEGA PT,
660,7F1SGM2,BODEGA PT (IFS/DAYTECH),GRIS,COMPUTADORA DE ESCRITORIO,BODEGA PT,
661,4B1738P34033,BODEGA PT (IFS/DAYTECH),GRIS,UPS,BODEGA PT,
662,6DHW482,BODEGA PT (PC/LIDER),GRIS,COMPUTADORA DE ESCRITORIO,BODEGA PT,
663,4B2110P14744,BODEGA PT (PC/LIDER),GRIS,UPS,BODEGA PT,
664,4B2216P29077,RSCKS SWTCHES,GRIS,UPS,BODEGA PT,
